source_url,raw_text,cleaned_text
https://www.treasury.go.ke/public-notices,"Treasury Building, Nairobi +254 20 2252299 pstnt@treasury.go.ke FAQs Staff Mail Main navigation Home About Us About The National Treasury Profile & History Mandate & Functions Vision & Mission Service Charter Strategic Plan Programmes & Projects Organisation Structure Organogram Directorates Administrative Structure Affiliated Institutions Information & Services Information Access to Government Procurement Opportunities Budget Accountant General's desk Group Personal Accident Kenya National Entrepreneurs Savings Trust Kenya National parameters Credit Guarantee Scheme .. Investor relations Kenya IMF Program Kenyan Economy Motor Car Loan Scheme Fund Public Debt Management eGP kenya Services E-Citizen Public Investment Management National Assets Liabilities Management Nairobi International Financial Centre Public Private Partnerships Pensions Public Service Superannuation Scheme Integrated Financial Management System Resources Legal documents Legal Acts Bills Archives Double taxation agreements Policies Regulations Treasury circulars Legal and Gazette Notice Official Documents Budget Review and Outlook Paper Budget Books County Allocation Revenue Act Reports Report Template FLLoCA Disclosure Guidelines & handbooks Strategies Media News Events Speeches Public Notices Press Release Media Gallery Call for Public Participation Opportunities Tenders Vacancies Contacts Statement by CS on the Nairobi - NAKURU - MAU SUMMIT Highway Public Private Partenership Project Search Public Notices Home - Public Notices Public Notices SNo Notice Description Notice Year Notice Link 1 LAUNCH OF THE FY 2027/28-2029/30 MEDIUM-TERM BUDGET PREPARATION PROCESS 2026 Public Notice - Official launch of the FY 2027/28 and MTB (499.91 KB) , The Notice - Official launch of the FY 2027/28 and MTB (292.95 KB) 2 NOTICE TO CBK ON PRICE STABILITY TARGET FOR FY 2026/27 2026 Price Stability Target  for FY 2026/2027 (1.9 MB) 3 Public Participation on the PPP (Ammendment) Bill 2026 and the PPP Regulations 2026.  The public is requested to review and provide comments on the attached documents 2026 DRAFT PPP (PROJECT MANAGEMENT) REGULATIONS 2026.pdf (8.78 MB) , PPP (AMENDMENT)  BILL 2026.pdf (8.28 MB) , PPP (GENERAL) REGULATIONS 2026.pdf (8.84 MB) , REGULATORY IMPACT STATEMENT PPP (GENARAL) REGULATIONS 2026.pdf (3.8 MB) , REGULATORY IMPACT STATEMENT PPP (PROJECT MAGEMENT) REGULATIONS 2026.pdf (3.9 MB) 4 PUBLIC NOTICE - BUDGET STATEMENT FY2026/27 2026 Public Notice FY2026:27 Budget Day.pdf (68.8 KB) 5 Public Notice on the Public Finance Management(Amendment) National/ County Government Regulations, 2026 2026 Public Notice on the Public Finance Management(Amendment) National/ County Government Regulations, 2026 (713.14 KB) , Draft Public Finance Management (Amendment) National Government Regulations, 2026 (228.76 KB) , Draft Public Finance Management (Amendment) County Government Regulations, 2026 (229.46 KB) , Draft Public Finance Management (Amendment) Bill, 2026 (541.8 KB) , Stakeholder Feedback Template (153.47 KB) 6 PUBLIC NOTICE - ECITIZEN 2026 Public Notice - Draft Public Finance Management - eCitizen System Management (284.85 KB) 7 Public Notice - Tips/Suggestions for Budget Statement 2026-27 2026 Public Notice Requesting Budget Tips on the Budget Statement for the FY 2026-27_0.pdf (133.22 KB) 8 RECRUITMENT OF MEMBER OF THE AUDIT COMMITTEE FOR THE NATIONAL TREASURY 2026 RECRUITMENT OF MEMBER OF THE AUDIT COMMITTEE FOR THE NATIONAL TREASURY (87.62 KB) 9 PUBLIC NOTICE -1. DRAFT ACCOUNTING POLICIES FOR THE PUBLIC SECTOR 2. DRAFT STANDARD CHART OF ACCOUNTS FOR THE PUBLIC SECTOR 2026 ACCOUNTING POLICIES OF THE PUBLIC SECTOR (1.46 MB) , TEMPLATE FOR RECEIVING COMMENTS (119.2 KB) , EXPLANATORY MEMORANDUM (179.17 KB) , PUBLIC NOTICE -1. DRAFT ACCOUNTING POLICIES FOR THE PUBLIC SECTOR 2. DRAFT STANDARD CHART OF ACCOUNTS FOR THE PUBLIC SECTOR (160.39 KB) , EXPLANATORY MEMORANDUM FOR STANDARD CHART OF ACCOUNTS FOR THE PUBLIC SECTOR (198.39 KB) , The Standard Chart of Accounts Manual (4.36 MB) , Standard Chart of Account codes (14.53 MB) , TEMPLATE FOR RECEIVING COMMENTS STANDARD CHART OF ACCOUNTS FOR THE PUBLIC SECTOR (119.12 KB) 10 Public Notice- Virtual Asset Service Providers Regulations, 2026 2026 Public Notice (104.04 KB) , Regulatory Impact Statement on VASP Regulations (268.95 KB) , Draft Virtual Asset Service Providers Regulations (1.87 MB) , Template for Receiving Comments (19.15 KB) 11 GOVERNMENT ASSETS VALUATION POLICY FRAMEWORK FOR THE PUBLIC SECTOR 2025 Download (1.43 MB) , Template (18.78 KB) 12 GOVERNMENT ASSETS VALUATION POLICY FRAMEWORK FOR THE PUBLIC SECTOR 2025 Download (1.43 MB) 13 Public Notice - Rollout of The Electronic Government Procurement System 2025 Public Notice - Rollout of The Electronic Government Procurement System (110.74 KB) 14 Public Notice Requesting Budget Tips on the Budget Statement for FY 2025-26 2025 Public Notice Requesting Budget Tips on the Budget Statement for FY 2025-26 (152.24 KB) 15 Public Participation Veterinary Services Development Fund 2025 Download (396.46 KB) , Regulatory Impact Statement (304.62 KB) , Regulations 2024 (284.73 KB) , Template for Submitting Comments (78.48 KB) 16 NOTICE TO ALL SUPPLIERS, CONTRACTORS AND CONSULTANTS ON THE ROLL-OUT OF THE ELECTRONIC GOVERNMENT PROCUREMENT (e-GP) SYSTEM IN KENYA. 2025 Download (145.68 KB) 17 Request For Memorandum To Support The Development Of A National Sustainable Public Procurement And Asset  Disposal Framework 2025 Download (20.95 KB) 18 The Accountants Act (Amendment) Bill, 2025 2025 Download (115.55 KB) 19 National Retirement Benefits Policy 2024 Download (13.76 MB) 20 Public Notice – National Retirement Benefits Policy 2024 Download (80.59 KB) Current page 1 Page 2 Page 3 Page 4 Page 5 Page 6 Page 7 Page 8 Page 9 Next page Next › Last page Last » Quick Links Investor Relations Our Institutions Bajeti Yetu Credit Guarantee Scheme Old Site Expenditure Requisition Form Public Debt Management Office Twitter Tweets by KeTreasury Facebook The National Treasury and Economic Planning © Copyright The National Treasury 2026. All Rights Reserved.","Treasury Building, Nairobi 254 20 2252299 pstnttreasury.go.ke FAQs Staff Mail Main navigation Home About Us About The National Treasury Profile History Mandate Functions Vision Mission Service Charter Strategic Plan Programmes Projects Organisation Structure Organogram Directorates Administrative Structure Affiliated Institutions Information Services Information Access to Government Procurement Opportunities Budget Accountant Generals desk Group Personal Accident Kenya National Entrepreneurs Savings Trust Kenya National parameters Credit Guarantee Scheme .. Investor relations Kenya IMF Program Kenyan Economy Motor Car Loan Scheme Fund Public Debt Management eGP kenya Services E-Citizen Public Investment Management National Assets Liabilities Management Nairobi International Financial Centre Public Private Partnerships Pensions Public Service Superannuation Scheme Integrated Financial Management System Resources Legal documents Legal Acts Bills Archives Double taxation agreements Policies Regulations Treasury circulars Legal and Gazette Notice Official Documents Budget Review and Outlook Paper Budget Books County Allocation Revenue Act Reports Report Template FLLoCA Disclosure Guidelines handbooks Strategies Media News Events Speeches Public Notices Press Release Media Gallery Call for Public Participation Opportunities Tenders Vacancies Contacts Statement by CS on the Nairobi - NAKURU - MAU SUMMIT Highway Public Private Partenership Project Search Public Notices Home - Public Notices Public Notices SNo Notice Description Notice Year Notice Link 1 LAUNCH OF THE FY 202728-202930 MEDIUM-TERM BUDGET PREPARATION PROCESS 2026 Public Notice - Official launch of the FY 202728 and MTB (499.91 KB) , The Notice - Official launch of the FY 202728 and MTB (292.95 KB) 2 NOTICE TO CBK ON PRICE STABILITY TARGET FOR FY 202627 2026 Price Stability Target for FY 20262027 (1.9 MB) 3 Public Participation on the PPP (Ammendment) Bill 2026 and the PPP Regulations 2026. The public is requested to review and provide comments on the attached documents 2026 DRAFT PPP (PROJECT MANAGEMENT) REGULATIONS 2026.pdf (8.78 MB) , PPP (AMENDMENT) BILL 2026.pdf (8.28 MB) , PPP (GENERAL) REGULATIONS 2026.pdf (8.84 MB) , REGULATORY IMPACT STATEMENT PPP (GENARAL) REGULATIONS 2026.pdf (3.8 MB) , REGULATORY IMPACT STATEMENT PPP (PROJECT MAGEMENT) REGULATIONS 2026.pdf (3.9 MB) 4 PUBLIC NOTICE - BUDGET STATEMENT FY202627 2026 Public Notice FY2026:27 Budget Day.pdf (68.8 KB) 5 Public Notice on the Public Finance Management(Amendment) National County Government Regulations, 2026 2026 Public Notice on the Public Finance Management(Amendment) National County Government Regulations, 2026 (713.14 KB) , Draft Public Finance Management (Amendment) National Government Regulations, 2026 (228.76 KB) , Draft Public Finance Management (Amendment) County Government Regulations, 2026 (229.46 KB) , Draft Public Finance Management (Amendment) Bill, 2026 (541.8 KB) , Stakeholder Feedback Template (153.47 KB) 6 PUBLIC NOTICE - ECITIZEN 2026 Public Notice - Draft Public Finance Management - eCitizen System Management (284.85 KB) 7 Public Notice - TipsSuggestions for Budget Statement 2026-27 2026 Public Notice Requesting Budget Tips on the Budget Statement for the FY 2026-270.pdf (133.22 KB) 8 RECRUITMENT OF MEMBER OF THE AUDIT COMMITTEE FOR THE NATIONAL TREASURY 2026 RECRUITMENT OF MEMBER OF THE AUDIT COMMITTEE FOR THE NATIONAL TREASURY (87.62 KB) 9 PUBLIC NOTICE -1. DRAFT ACCOUNTING POLICIES FOR THE PUBLIC SECTOR 2. DRAFT STANDARD CHART OF ACCOUNTS FOR THE PUBLIC SECTOR 2026 ACCOUNTING POLICIES OF THE PUBLIC SECTOR (1.46 MB) , TEMPLATE FOR RECEIVING COMMENTS (119.2 KB) , EXPLANATORY MEMORANDUM (179.17 KB) , PUBLIC NOTICE -1. DRAFT ACCOUNTING POLICIES FOR THE PUBLIC SECTOR 2. DRAFT STANDARD CHART OF ACCOUNTS FOR THE PUBLIC SECTOR (160.39 KB) , EXPLANATORY MEMORANDUM FOR STANDARD CHART OF ACCOUNTS FOR THE PUBLIC SECTOR (198.39 KB) , The Standard Chart of Accounts Manual (4.36 MB) , Standard Chart of Account codes (14.53 MB) , TEMPLATE FOR RECEIVING COMMENTS STANDARD CHART OF ACCOUNTS FOR THE PUBLIC SECTOR (119.12 KB) 10 Public Notice- Virtual Asset Service Providers Regulations, 2026 2026 Public Notice (104.04 KB) , Regulatory Impact Statement on VASP Regulations (268.95 KB) , Draft Virtual Asset Service Providers Regulations (1.87 MB) , Template for Receiving Comments (19.15 KB) 11 GOVERNMENT ASSETS VALUATION POLICY FRAMEWORK FOR THE PUBLIC SECTOR 2025 Download (1.43 MB) , Template (18.78 KB) 12 GOVERNMENT ASSETS VALUATION POLICY FRAMEWORK FOR THE PUBLIC SECTOR 2025 Download (1.43 MB) 13 Public Notice - Rollout of The Electronic Government Procurement System 2025 Public Notice - Rollout of The Electronic Government Procurement System (110.74 KB) 14 Public Notice Requesting Budget Tips on the Budget Statement for FY 2025-26 2025 Public Notice Requesting Budget Tips on the Budget Statement for FY 2025-26 (152.24 KB) 15 Public Participation Veterinary Services Development Fund 2025 Download (396.46 KB) , Regulatory Impact Statement (304.62 KB) , Regulations 2024 (284.73 KB) , Template for Submitting Comments (78.48 KB) 16 NOTICE TO ALL SUPPLIERS, CONTRACTORS AND CONSULTANTS ON THE ROLL-OUT OF THE ELECTRONIC GOVERNMENT PROCUREMENT (e-GP) SYSTEM IN KENYA. 2025 Download (145.68 KB) 17 Request For Memorandum To Support The Development Of A National Sustainable Public Procurement And Asset Disposal Framework 2025 Download (20.95 KB) 18 The Accountants Act (Amendment) Bill, 2025 2025 Download (115.55 KB) 19 National Retirement Benefits Policy 2024 Download (13.76 MB) 20 Public Notice National Retirement Benefits Policy 2024 Download (80.59 KB) Current page 1 Page 2 Page 3 Page 4 Page 5 Page 6 Page 7 Page 8 Page 9 Next page Next Last page Last Quick Links Investor Relations Our Institutions Bajeti Yetu Credit Guarantee Scheme Old Site Expenditure Requisition Form Public Debt Management Office Twitter Tweets by KeTreasury Facebook The National Treasury and Economic Planning Copyright The National Treasury 2026. All Rights Reserved."
https://www.treasury.go.ke/public-notices,"Treasury Building, Nairobi +254 20 2252299 pstnt@treasury.go.ke FAQs Staff Mail Main navigation Home About Us About The National Treasury Profile & History Mandate & Functions Vision & Mission Service Charter Strategic Plan Programmes & Projects Organisation Structure Organogram Directorates Administrative Structure Affiliated Institutions Information & Services Information Access to Government Procurement Opportunities Budget Accountant General's desk Group Personal Accident Kenya National Entrepreneurs Savings Trust Kenya National parameters Credit Guarantee Scheme .. Investor relations Kenya IMF Program Kenyan Economy Motor Car Loan Scheme Fund Public Debt Management eGP kenya Services E-Citizen Public Investment Management National Assets Liabilities Management Nairobi International Financial Centre Public Private Partnerships Pensions Public Service Superannuation Scheme Integrated Financial Management System Resources Legal documents Legal Acts Bills Archives Double taxation agreements Policies Regulations Treasury circulars Legal and Gazette Notice Official Documents Budget Review and Outlook Paper Budget Books County Allocation Revenue Act Reports Report Template FLLoCA Disclosure Guidelines & handbooks Strategies Media News Events Speeches Public Notices Press Release Media Gallery Call for Public Participation Opportunities Tenders Vacancies Contacts Statement by CS on the Nairobi - NAKURU - MAU SUMMIT Highway Public Private Partenership Project Search Public Notices Home - Public Notices Public Notices SNo Notice Description Notice Year Notice Link 1 LAUNCH OF THE FY 2027/28-2029/30 MEDIUM-TERM BUDGET PREPARATION PROCESS 2026 Public Notice - Official launch of the FY 2027/28 and MTB (499.91 KB) , The Notice - Official launch of the FY 2027/28 and MTB (292.95 KB) 2 NOTICE TO CBK ON PRICE STABILITY TARGET FOR FY 2026/27 2026 Price Stability Target  for FY 2026/2027 (1.9 MB) 3 Public Participation on the PPP (Ammendment) Bill 2026 and the PPP Regulations 2026.  The public is requested to review and provide comments on the attached documents 2026 DRAFT PPP (PROJECT MANAGEMENT) REGULATIONS 2026.pdf (8.78 MB) , PPP (AMENDMENT)  BILL 2026.pdf (8.28 MB) , PPP (GENERAL) REGULATIONS 2026.pdf (8.84 MB) , REGULATORY IMPACT STATEMENT PPP (GENARAL) REGULATIONS 2026.pdf (3.8 MB) , REGULATORY IMPACT STATEMENT PPP (PROJECT MAGEMENT) REGULATIONS 2026.pdf (3.9 MB) 4 PUBLIC NOTICE - BUDGET STATEMENT FY2026/27 2026 Public Notice FY2026:27 Budget Day.pdf (68.8 KB) 5 Public Notice on the Public Finance Management(Amendment) National/ County Government Regulations, 2026 2026 Public Notice on the Public Finance Management(Amendment) National/ County Government Regulations, 2026 (713.14 KB) , Draft Public Finance Management (Amendment) National Government Regulations, 2026 (228.76 KB) , Draft Public Finance Management (Amendment) County Government Regulations, 2026 (229.46 KB) , Draft Public Finance Management (Amendment) Bill, 2026 (541.8 KB) , Stakeholder Feedback Template (153.47 KB) 6 PUBLIC NOTICE - ECITIZEN 2026 Public Notice - Draft Public Finance Management - eCitizen System Management (284.85 KB) 7 Public Notice - Tips/Suggestions for Budget Statement 2026-27 2026 Public Notice Requesting Budget Tips on the Budget Statement for the FY 2026-27_0.pdf (133.22 KB) 8 RECRUITMENT OF MEMBER OF THE AUDIT COMMITTEE FOR THE NATIONAL TREASURY 2026 RECRUITMENT OF MEMBER OF THE AUDIT COMMITTEE FOR THE NATIONAL TREASURY (87.62 KB) 9 PUBLIC NOTICE -1. DRAFT ACCOUNTING POLICIES FOR THE PUBLIC SECTOR 2. DRAFT STANDARD CHART OF ACCOUNTS FOR THE PUBLIC SECTOR 2026 ACCOUNTING POLICIES OF THE PUBLIC SECTOR (1.46 MB) , TEMPLATE FOR RECEIVING COMMENTS (119.2 KB) , EXPLANATORY MEMORANDUM (179.17 KB) , PUBLIC NOTICE -1. DRAFT ACCOUNTING POLICIES FOR THE PUBLIC SECTOR 2. DRAFT STANDARD CHART OF ACCOUNTS FOR THE PUBLIC SECTOR (160.39 KB) , EXPLANATORY MEMORANDUM FOR STANDARD CHART OF ACCOUNTS FOR THE PUBLIC SECTOR (198.39 KB) , The Standard Chart of Accounts Manual (4.36 MB) , Standard Chart of Account codes (14.53 MB) , TEMPLATE FOR RECEIVING COMMENTS STANDARD CHART OF ACCOUNTS FOR THE PUBLIC SECTOR (119.12 KB) 10 Public Notice- Virtual Asset Service Providers Regulations, 2026 2026 Public Notice (104.04 KB) , Regulatory Impact Statement on VASP Regulations (268.95 KB) , Draft Virtual Asset Service Providers Regulations (1.87 MB) , Template for Receiving Comments (19.15 KB) 11 GOVERNMENT ASSETS VALUATION POLICY FRAMEWORK FOR THE PUBLIC SECTOR 2025 Download (1.43 MB) , Template (18.78 KB) 12 GOVERNMENT ASSETS VALUATION POLICY FRAMEWORK FOR THE PUBLIC SECTOR 2025 Download (1.43 MB) 13 Public Notice - Rollout of The Electronic Government Procurement System 2025 Public Notice - Rollout of The Electronic Government Procurement System (110.74 KB) 14 Public Notice Requesting Budget Tips on the Budget Statement for FY 2025-26 2025 Public Notice Requesting Budget Tips on the Budget Statement for FY 2025-26 (152.24 KB) 15 Public Participation Veterinary Services Development Fund 2025 Download (396.46 KB) , Regulatory Impact Statement (304.62 KB) , Regulations 2024 (284.73 KB) , Template for Submitting Comments (78.48 KB) 16 NOTICE TO ALL SUPPLIERS, CONTRACTORS AND CONSULTANTS ON THE ROLL-OUT OF THE ELECTRONIC GOVERNMENT PROCUREMENT (e-GP) SYSTEM IN KENYA. 2025 Download (145.68 KB) 17 Request For Memorandum To Support The Development Of A National Sustainable Public Procurement And Asset  Disposal Framework 2025 Download (20.95 KB) 18 The Accountants Act (Amendment) Bill, 2025 2025 Download (115.55 KB) 19 National Retirement Benefits Policy 2024 Download (13.76 MB) 20 Public Notice – National Retirement Benefits Policy 2024 Download (80.59 KB) Current page 1 Page 2 Page 3 Page 4 Page 5 Page 6 Page 7 Page 8 Page 9 Next page Next › Last page Last »","Treasury Building, Nairobi 254 20 2252299 pstnttreasury.go.ke FAQs Staff Mail Main navigation Home About Us About The National Treasury Profile History Mandate Functions Vision Mission Service Charter Strategic Plan Programmes Projects Organisation Structure Organogram Directorates Administrative Structure Affiliated Institutions Information Services Information Access to Government Procurement Opportunities Budget Accountant Generals desk Group Personal Accident Kenya National Entrepreneurs Savings Trust Kenya National parameters Credit Guarantee Scheme .. Investor relations Kenya IMF Program Kenyan Economy Motor Car Loan Scheme Fund Public Debt Management eGP kenya Services E-Citizen Public Investment Management National Assets Liabilities Management Nairobi International Financial Centre Public Private Partnerships Pensions Public Service Superannuation Scheme Integrated Financial Management System Resources Legal documents Legal Acts Bills Archives Double taxation agreements Policies Regulations Treasury circulars Legal and Gazette Notice Official Documents Budget Review and Outlook Paper Budget Books County Allocation Revenue Act Reports Report Template FLLoCA Disclosure Guidelines handbooks Strategies Media News Events Speeches Public Notices Press Release Media Gallery Call for Public Participation Opportunities Tenders Vacancies Contacts Statement by CS on the Nairobi - NAKURU - MAU SUMMIT Highway Public Private Partenership Project Search Public Notices Home - Public Notices Public Notices SNo Notice Description Notice Year Notice Link 1 LAUNCH OF THE FY 202728-202930 MEDIUM-TERM BUDGET PREPARATION PROCESS 2026 Public Notice - Official launch of the FY 202728 and MTB (499.91 KB) , The Notice - Official launch of the FY 202728 and MTB (292.95 KB) 2 NOTICE TO CBK ON PRICE STABILITY TARGET FOR FY 202627 2026 Price Stability Target for FY 20262027 (1.9 MB) 3 Public Participation on the PPP (Ammendment) Bill 2026 and the PPP Regulations 2026. The public is requested to review and provide comments on the attached documents 2026 DRAFT PPP (PROJECT MANAGEMENT) REGULATIONS 2026.pdf (8.78 MB) , PPP (AMENDMENT) BILL 2026.pdf (8.28 MB) , PPP (GENERAL) REGULATIONS 2026.pdf (8.84 MB) , REGULATORY IMPACT STATEMENT PPP (GENARAL) REGULATIONS 2026.pdf (3.8 MB) , REGULATORY IMPACT STATEMENT PPP (PROJECT MAGEMENT) REGULATIONS 2026.pdf (3.9 MB) 4 PUBLIC NOTICE - BUDGET STATEMENT FY202627 2026 Public Notice FY2026:27 Budget Day.pdf (68.8 KB) 5 Public Notice on the Public Finance Management(Amendment) National County Government Regulations, 2026 2026 Public Notice on the Public Finance Management(Amendment) National County Government Regulations, 2026 (713.14 KB) , Draft Public Finance Management (Amendment) National Government Regulations, 2026 (228.76 KB) , Draft Public Finance Management (Amendment) County Government Regulations, 2026 (229.46 KB) , Draft Public Finance Management (Amendment) Bill, 2026 (541.8 KB) , Stakeholder Feedback Template (153.47 KB) 6 PUBLIC NOTICE - ECITIZEN 2026 Public Notice - Draft Public Finance Management - eCitizen System Management (284.85 KB) 7 Public Notice - TipsSuggestions for Budget Statement 2026-27 2026 Public Notice Requesting Budget Tips on the Budget Statement for the FY 2026-270.pdf (133.22 KB) 8 RECRUITMENT OF MEMBER OF THE AUDIT COMMITTEE FOR THE NATIONAL TREASURY 2026 RECRUITMENT OF MEMBER OF THE AUDIT COMMITTEE FOR THE NATIONAL TREASURY (87.62 KB) 9 PUBLIC NOTICE -1. DRAFT ACCOUNTING POLICIES FOR THE PUBLIC SECTOR 2. DRAFT STANDARD CHART OF ACCOUNTS FOR THE PUBLIC SECTOR 2026 ACCOUNTING POLICIES OF THE PUBLIC SECTOR (1.46 MB) , TEMPLATE FOR RECEIVING COMMENTS (119.2 KB) , EXPLANATORY MEMORANDUM (179.17 KB) , PUBLIC NOTICE -1. DRAFT ACCOUNTING POLICIES FOR THE PUBLIC SECTOR 2. DRAFT STANDARD CHART OF ACCOUNTS FOR THE PUBLIC SECTOR (160.39 KB) , EXPLANATORY MEMORANDUM FOR STANDARD CHART OF ACCOUNTS FOR THE PUBLIC SECTOR (198.39 KB) , The Standard Chart of Accounts Manual (4.36 MB) , Standard Chart of Account codes (14.53 MB) , TEMPLATE FOR RECEIVING COMMENTS STANDARD CHART OF ACCOUNTS FOR THE PUBLIC SECTOR (119.12 KB) 10 Public Notice- Virtual Asset Service Providers Regulations, 2026 2026 Public Notice (104.04 KB) , Regulatory Impact Statement on VASP Regulations (268.95 KB) , Draft Virtual Asset Service Providers Regulations (1.87 MB) , Template for Receiving Comments (19.15 KB) 11 GOVERNMENT ASSETS VALUATION POLICY FRAMEWORK FOR THE PUBLIC SECTOR 2025 Download (1.43 MB) , Template (18.78 KB) 12 GOVERNMENT ASSETS VALUATION POLICY FRAMEWORK FOR THE PUBLIC SECTOR 2025 Download (1.43 MB) 13 Public Notice - Rollout of The Electronic Government Procurement System 2025 Public Notice - Rollout of The Electronic Government Procurement System (110.74 KB) 14 Public Notice Requesting Budget Tips on the Budget Statement for FY 2025-26 2025 Public Notice Requesting Budget Tips on the Budget Statement for FY 2025-26 (152.24 KB) 15 Public Participation Veterinary Services Development Fund 2025 Download (396.46 KB) , Regulatory Impact Statement (304.62 KB) , Regulations 2024 (284.73 KB) , Template for Submitting Comments (78.48 KB) 16 NOTICE TO ALL SUPPLIERS, CONTRACTORS AND CONSULTANTS ON THE ROLL-OUT OF THE ELECTRONIC GOVERNMENT PROCUREMENT (e-GP) SYSTEM IN KENYA. 2025 Download (145.68 KB) 17 Request For Memorandum To Support The Development Of A National Sustainable Public Procurement And Asset Disposal Framework 2025 Download (20.95 KB) 18 The Accountants Act (Amendment) Bill, 2025 2025 Download (115.55 KB) 19 National Retirement Benefits Policy 2024 Download (13.76 MB) 20 Public Notice National Retirement Benefits Policy 2024 Download (80.59 KB) Current page 1 Page 2 Page 3 Page 4 Page 5 Page 6 Page 7 Page 8 Page 9 Next page Next Last page Last"
https://www.treasury.go.ke/public-notices,Main navigation Home About Us About The National Treasury Profile & History Mandate & Functions Vision & Mission Service Charter Strategic Plan Programmes & Projects Organisation Structure Organogram Directorates Administrative Structure Affiliated Institutions Information & Services Information Access to Government Procurement Opportunities Budget Accountant General's desk Group Personal Accident Kenya National Entrepreneurs Savings Trust Kenya National parameters Credit Guarantee Scheme .. Investor relations Kenya IMF Program Kenyan Economy Motor Car Loan Scheme Fund Public Debt Management eGP kenya Services E-Citizen Public Investment Management National Assets Liabilities Management Nairobi International Financial Centre Public Private Partnerships Pensions Public Service Superannuation Scheme Integrated Financial Management System Resources Legal documents Legal Acts Bills Archives Double taxation agreements Policies Regulations Treasury circulars Legal and Gazette Notice Official Documents Budget Review and Outlook Paper Budget Books County Allocation Revenue Act Reports Report Template FLLoCA Disclosure Guidelines & handbooks Strategies Media News Events Speeches Public Notices Press Release Media Gallery Call for Public Participation Opportunities Tenders Vacancies Contacts Statement by CS on the Nairobi - NAKURU - MAU SUMMIT Highway Public Private Partenership Project Search,Main navigation Home About Us About The National Treasury Profile History Mandate Functions Vision Mission Service Charter Strategic Plan Programmes Projects Organisation Structure Organogram Directorates Administrative Structure Affiliated Institutions Information Services Information Access to Government Procurement Opportunities Budget Accountant Generals desk Group Personal Accident Kenya National Entrepreneurs Savings Trust Kenya National parameters Credit Guarantee Scheme .. Investor relations Kenya IMF Program Kenyan Economy Motor Car Loan Scheme Fund Public Debt Management eGP kenya Services E-Citizen Public Investment Management National Assets Liabilities Management Nairobi International Financial Centre Public Private Partnerships Pensions Public Service Superannuation Scheme Integrated Financial Management System Resources Legal documents Legal Acts Bills Archives Double taxation agreements Policies Regulations Treasury circulars Legal and Gazette Notice Official Documents Budget Review and Outlook Paper Budget Books County Allocation Revenue Act Reports Report Template FLLoCA Disclosure Guidelines handbooks Strategies Media News Events Speeches Public Notices Press Release Media Gallery Call for Public Participation Opportunities Tenders Vacancies Contacts Statement by CS on the Nairobi - NAKURU - MAU SUMMIT Highway Public Private Partenership Project Search
https://www.treasury.go.ke/public-notices,Main navigation Home About Us About The National Treasury Profile & History Mandate & Functions Vision & Mission Service Charter Strategic Plan Programmes & Projects Organisation Structure Organogram Directorates Administrative Structure Affiliated Institutions Information & Services Information Access to Government Procurement Opportunities Budget Accountant General's desk Group Personal Accident Kenya National Entrepreneurs Savings Trust Kenya National parameters Credit Guarantee Scheme .. Investor relations Kenya IMF Program Kenyan Economy Motor Car Loan Scheme Fund Public Debt Management eGP kenya Services E-Citizen Public Investment Management National Assets Liabilities Management Nairobi International Financial Centre Public Private Partnerships Pensions Public Service Superannuation Scheme Integrated Financial Management System Resources Legal documents Legal Acts Bills Archives Double taxation agreements Policies Regulations Treasury circulars Legal and Gazette Notice Official Documents Budget Review and Outlook Paper Budget Books County Allocation Revenue Act Reports Report Template FLLoCA Disclosure Guidelines & handbooks Strategies Media News Events Speeches Public Notices Press Release Media Gallery Call for Public Participation Opportunities Tenders Vacancies Contacts Statement by CS on the Nairobi - NAKURU - MAU SUMMIT Highway Public Private Partenership Project,Main navigation Home About Us About The National Treasury Profile History Mandate Functions Vision Mission Service Charter Strategic Plan Programmes Projects Organisation Structure Organogram Directorates Administrative Structure Affiliated Institutions Information Services Information Access to Government Procurement Opportunities Budget Accountant Generals desk Group Personal Accident Kenya National Entrepreneurs Savings Trust Kenya National parameters Credit Guarantee Scheme .. Investor relations Kenya IMF Program Kenyan Economy Motor Car Loan Scheme Fund Public Debt Management eGP kenya Services E-Citizen Public Investment Management National Assets Liabilities Management Nairobi International Financial Centre Public Private Partnerships Pensions Public Service Superannuation Scheme Integrated Financial Management System Resources Legal documents Legal Acts Bills Archives Double taxation agreements Policies Regulations Treasury circulars Legal and Gazette Notice Official Documents Budget Review and Outlook Paper Budget Books County Allocation Revenue Act Reports Report Template FLLoCA Disclosure Guidelines handbooks Strategies Media News Events Speeches Public Notices Press Release Media Gallery Call for Public Participation Opportunities Tenders Vacancies Contacts Statement by CS on the Nairobi - NAKURU - MAU SUMMIT Highway Public Private Partenership Project
https://www.treasury.go.ke/public-notices,Home About Us About The National Treasury Profile & History Mandate & Functions Vision & Mission Service Charter Strategic Plan Programmes & Projects Organisation Structure Organogram Directorates Administrative Structure Affiliated Institutions Information & Services Information Access to Government Procurement Opportunities Budget Accountant General's desk Group Personal Accident Kenya National Entrepreneurs Savings Trust Kenya National parameters Credit Guarantee Scheme .. Investor relations Kenya IMF Program Kenyan Economy Motor Car Loan Scheme Fund Public Debt Management eGP kenya Services E-Citizen Public Investment Management National Assets Liabilities Management Nairobi International Financial Centre Public Private Partnerships Pensions Public Service Superannuation Scheme Integrated Financial Management System Resources Legal documents Legal Acts Bills Archives Double taxation agreements Policies Regulations Treasury circulars Legal and Gazette Notice Official Documents Budget Review and Outlook Paper Budget Books County Allocation Revenue Act Reports Report Template FLLoCA Disclosure Guidelines & handbooks Strategies Media News Events Speeches Public Notices Press Release Media Gallery Call for Public Participation Opportunities Tenders Vacancies Contacts Statement by CS on the Nairobi - NAKURU - MAU SUMMIT Highway Public Private Partenership Project,Home About Us About The National Treasury Profile History Mandate Functions Vision Mission Service Charter Strategic Plan Programmes Projects Organisation Structure Organogram Directorates Administrative Structure Affiliated Institutions Information Services Information Access to Government Procurement Opportunities Budget Accountant Generals desk Group Personal Accident Kenya National Entrepreneurs Savings Trust Kenya National parameters Credit Guarantee Scheme .. Investor relations Kenya IMF Program Kenyan Economy Motor Car Loan Scheme Fund Public Debt Management eGP kenya Services E-Citizen Public Investment Management National Assets Liabilities Management Nairobi International Financial Centre Public Private Partnerships Pensions Public Service Superannuation Scheme Integrated Financial Management System Resources Legal documents Legal Acts Bills Archives Double taxation agreements Policies Regulations Treasury circulars Legal and Gazette Notice Official Documents Budget Review and Outlook Paper Budget Books County Allocation Revenue Act Reports Report Template FLLoCA Disclosure Guidelines handbooks Strategies Media News Events Speeches Public Notices Press Release Media Gallery Call for Public Participation Opportunities Tenders Vacancies Contacts Statement by CS on the Nairobi - NAKURU - MAU SUMMIT Highway Public Private Partenership Project
https://www.treasury.go.ke/public-notices,Information & Services Information Access to Government Procurement Opportunities Budget Accountant General's desk Group Personal Accident Kenya National Entrepreneurs Savings Trust Kenya National parameters Credit Guarantee Scheme .. Investor relations Kenya IMF Program Kenyan Economy Motor Car Loan Scheme Fund Public Debt Management eGP kenya Services E-Citizen Public Investment Management National Assets Liabilities Management Nairobi International Financial Centre Public Private Partnerships Pensions Public Service Superannuation Scheme Integrated Financial Management System,Information Services Information Access to Government Procurement Opportunities Budget Accountant Generals desk Group Personal Accident Kenya National Entrepreneurs Savings Trust Kenya National parameters Credit Guarantee Scheme .. Investor relations Kenya IMF Program Kenyan Economy Motor Car Loan Scheme Fund Public Debt Management eGP kenya Services E-Citizen Public Investment Management National Assets Liabilities Management Nairobi International Financial Centre Public Private Partnerships Pensions Public Service Superannuation Scheme Integrated Financial Management System
https://www.treasury.go.ke/public-notices,Information Access to Government Procurement Opportunities Budget Accountant General's desk Group Personal Accident Kenya National Entrepreneurs Savings Trust Kenya National parameters Credit Guarantee Scheme,Information Access to Government Procurement Opportunities Budget Accountant Generals desk Group Personal Accident Kenya National Entrepreneurs Savings Trust Kenya National parameters Credit Guarantee Scheme
https://www.treasury.go.ke/public-notices,.. Investor relations Kenya IMF Program Kenyan Economy Motor Car Loan Scheme Fund Public Debt Management eGP kenya,.. Investor relations Kenya IMF Program Kenyan Economy Motor Car Loan Scheme Fund Public Debt Management eGP kenya
https://www.treasury.go.ke/public-notices,Services E-Citizen Public Investment Management National Assets Liabilities Management Nairobi International Financial Centre Public Private Partnerships Pensions Public Service Superannuation Scheme Integrated Financial Management System,Services E-Citizen Public Investment Management National Assets Liabilities Management Nairobi International Financial Centre Public Private Partnerships Pensions Public Service Superannuation Scheme Integrated Financial Management System
https://www.treasury.go.ke/public-notices,Resources Legal documents Legal Acts Bills Archives Double taxation agreements Policies Regulations Treasury circulars Legal and Gazette Notice Official Documents Budget Review and Outlook Paper Budget Books County Allocation Revenue Act Reports Report Template FLLoCA Disclosure Guidelines & handbooks Strategies,Resources Legal documents Legal Acts Bills Archives Double taxation agreements Policies Regulations Treasury circulars Legal and Gazette Notice Official Documents Budget Review and Outlook Paper Budget Books County Allocation Revenue Act Reports Report Template FLLoCA Disclosure Guidelines handbooks Strategies
https://www.treasury.go.ke/public-notices,Legal documents Legal Acts Bills Archives Double taxation agreements Policies Regulations Treasury circulars Legal and Gazette Notice,Legal documents Legal Acts Bills Archives Double taxation agreements Policies Regulations Treasury circulars Legal and Gazette Notice
https://www.treasury.go.ke/public-notices,Official Documents Budget Review and Outlook Paper Budget Books County Allocation Revenue Act Reports Report Template FLLoCA Disclosure Guidelines & handbooks Strategies,Official Documents Budget Review and Outlook Paper Budget Books County Allocation Revenue Act Reports Report Template FLLoCA Disclosure Guidelines handbooks Strategies
https://www.treasury.go.ke/public-notices,"Public Notices SNo Notice Description Notice Year Notice Link 1 LAUNCH OF THE FY 2027/28-2029/30 MEDIUM-TERM BUDGET PREPARATION PROCESS 2026 Public Notice - Official launch of the FY 2027/28 and MTB (499.91 KB) , The Notice - Official launch of the FY 2027/28 and MTB (292.95 KB) 2 NOTICE TO CBK ON PRICE STABILITY TARGET FOR FY 2026/27 2026 Price Stability Target  for FY 2026/2027 (1.9 MB) 3 Public Participation on the PPP (Ammendment) Bill 2026 and the PPP Regulations 2026.  The public is requested to review and provide comments on the attached documents 2026 DRAFT PPP (PROJECT MANAGEMENT) REGULATIONS 2026.pdf (8.78 MB) , PPP (AMENDMENT)  BILL 2026.pdf (8.28 MB) , PPP (GENERAL) REGULATIONS 2026.pdf (8.84 MB) , REGULATORY IMPACT STATEMENT PPP (GENARAL) REGULATIONS 2026.pdf (3.8 MB) , REGULATORY IMPACT STATEMENT PPP (PROJECT MAGEMENT) REGULATIONS 2026.pdf (3.9 MB) 4 PUBLIC NOTICE - BUDGET STATEMENT FY2026/27 2026 Public Notice FY2026:27 Budget Day.pdf (68.8 KB) 5 Public Notice on the Public Finance Management(Amendment) National/ County Government Regulations, 2026 2026 Public Notice on the Public Finance Management(Amendment) National/ County Government Regulations, 2026 (713.14 KB) , Draft Public Finance Management (Amendment) National Government Regulations, 2026 (228.76 KB) , Draft Public Finance Management (Amendment) County Government Regulations, 2026 (229.46 KB) , Draft Public Finance Management (Amendment) Bill, 2026 (541.8 KB) , Stakeholder Feedback Template (153.47 KB) 6 PUBLIC NOTICE - ECITIZEN 2026 Public Notice - Draft Public Finance Management - eCitizen System Management (284.85 KB) 7 Public Notice - Tips/Suggestions for Budget Statement 2026-27 2026 Public Notice Requesting Budget Tips on the Budget Statement for the FY 2026-27_0.pdf (133.22 KB) 8 RECRUITMENT OF MEMBER OF THE AUDIT COMMITTEE FOR THE NATIONAL TREASURY 2026 RECRUITMENT OF MEMBER OF THE AUDIT COMMITTEE FOR THE NATIONAL TREASURY (87.62 KB) 9 PUBLIC NOTICE -1. DRAFT ACCOUNTING POLICIES FOR THE PUBLIC SECTOR 2. DRAFT STANDARD CHART OF ACCOUNTS FOR THE PUBLIC SECTOR 2026 ACCOUNTING POLICIES OF THE PUBLIC SECTOR (1.46 MB) , TEMPLATE FOR RECEIVING COMMENTS (119.2 KB) , EXPLANATORY MEMORANDUM (179.17 KB) , PUBLIC NOTICE -1. DRAFT ACCOUNTING POLICIES FOR THE PUBLIC SECTOR 2. DRAFT STANDARD CHART OF ACCOUNTS FOR THE PUBLIC SECTOR (160.39 KB) , EXPLANATORY MEMORANDUM FOR STANDARD CHART OF ACCOUNTS FOR THE PUBLIC SECTOR (198.39 KB) , The Standard Chart of Accounts Manual (4.36 MB) , Standard Chart of Account codes (14.53 MB) , TEMPLATE FOR RECEIVING COMMENTS STANDARD CHART OF ACCOUNTS FOR THE PUBLIC SECTOR (119.12 KB) 10 Public Notice- Virtual Asset Service Providers Regulations, 2026 2026 Public Notice (104.04 KB) , Regulatory Impact Statement on VASP Regulations (268.95 KB) , Draft Virtual Asset Service Providers Regulations (1.87 MB) , Template for Receiving Comments (19.15 KB) 11 GOVERNMENT ASSETS VALUATION POLICY FRAMEWORK FOR THE PUBLIC SECTOR 2025 Download (1.43 MB) , Template (18.78 KB) 12 GOVERNMENT ASSETS VALUATION POLICY FRAMEWORK FOR THE PUBLIC SECTOR 2025 Download (1.43 MB) 13 Public Notice - Rollout of The Electronic Government Procurement System 2025 Public Notice - Rollout of The Electronic Government Procurement System (110.74 KB) 14 Public Notice Requesting Budget Tips on the Budget Statement for FY 2025-26 2025 Public Notice Requesting Budget Tips on the Budget Statement for FY 2025-26 (152.24 KB) 15 Public Participation Veterinary Services Development Fund 2025 Download (396.46 KB) , Regulatory Impact Statement (304.62 KB) , Regulations 2024 (284.73 KB) , Template for Submitting Comments (78.48 KB) 16 NOTICE TO ALL SUPPLIERS, CONTRACTORS AND CONSULTANTS ON THE ROLL-OUT OF THE ELECTRONIC GOVERNMENT PROCUREMENT (e-GP) SYSTEM IN KENYA. 2025 Download (145.68 KB) 17 Request For Memorandum To Support The Development Of A National Sustainable Public Procurement And Asset  Disposal Framework 2025 Download (20.95 KB) 18 The Accountants Act (Amendment) Bill, 2025 2025 Download (115.55 KB) 19 National Retirement Benefits Policy 2024 Download (13.76 MB) 20 Public Notice – National Retirement Benefits Policy 2024 Download (80.59 KB) Current page 1 Page 2 Page 3 Page 4 Page 5 Page 6 Page 7 Page 8 Page 9 Next page Next › Last page Last »","Public Notices SNo Notice Description Notice Year Notice Link 1 LAUNCH OF THE FY 202728-202930 MEDIUM-TERM BUDGET PREPARATION PROCESS 2026 Public Notice - Official launch of the FY 202728 and MTB (499.91 KB) , The Notice - Official launch of the FY 202728 and MTB (292.95 KB) 2 NOTICE TO CBK ON PRICE STABILITY TARGET FOR FY 202627 2026 Price Stability Target for FY 20262027 (1.9 MB) 3 Public Participation on the PPP (Ammendment) Bill 2026 and the PPP Regulations 2026. The public is requested to review and provide comments on the attached documents 2026 DRAFT PPP (PROJECT MANAGEMENT) REGULATIONS 2026.pdf (8.78 MB) , PPP (AMENDMENT) BILL 2026.pdf (8.28 MB) , PPP (GENERAL) REGULATIONS 2026.pdf (8.84 MB) , REGULATORY IMPACT STATEMENT PPP (GENARAL) REGULATIONS 2026.pdf (3.8 MB) , REGULATORY IMPACT STATEMENT PPP (PROJECT MAGEMENT) REGULATIONS 2026.pdf (3.9 MB) 4 PUBLIC NOTICE - BUDGET STATEMENT FY202627 2026 Public Notice FY2026:27 Budget Day.pdf (68.8 KB) 5 Public Notice on the Public Finance Management(Amendment) National County Government Regulations, 2026 2026 Public Notice on the Public Finance Management(Amendment) National County Government Regulations, 2026 (713.14 KB) , Draft Public Finance Management (Amendment) National Government Regulations, 2026 (228.76 KB) , Draft Public Finance Management (Amendment) County Government Regulations, 2026 (229.46 KB) , Draft Public Finance Management (Amendment) Bill, 2026 (541.8 KB) , Stakeholder Feedback Template (153.47 KB) 6 PUBLIC NOTICE - ECITIZEN 2026 Public Notice - Draft Public Finance Management - eCitizen System Management (284.85 KB) 7 Public Notice - TipsSuggestions for Budget Statement 2026-27 2026 Public Notice Requesting Budget Tips on the Budget Statement for the FY 2026-270.pdf (133.22 KB) 8 RECRUITMENT OF MEMBER OF THE AUDIT COMMITTEE FOR THE NATIONAL TREASURY 2026 RECRUITMENT OF MEMBER OF THE AUDIT COMMITTEE FOR THE NATIONAL TREASURY (87.62 KB) 9 PUBLIC NOTICE -1. DRAFT ACCOUNTING POLICIES FOR THE PUBLIC SECTOR 2. DRAFT STANDARD CHART OF ACCOUNTS FOR THE PUBLIC SECTOR 2026 ACCOUNTING POLICIES OF THE PUBLIC SECTOR (1.46 MB) , TEMPLATE FOR RECEIVING COMMENTS (119.2 KB) , EXPLANATORY MEMORANDUM (179.17 KB) , PUBLIC NOTICE -1. DRAFT ACCOUNTING POLICIES FOR THE PUBLIC SECTOR 2. DRAFT STANDARD CHART OF ACCOUNTS FOR THE PUBLIC SECTOR (160.39 KB) , EXPLANATORY MEMORANDUM FOR STANDARD CHART OF ACCOUNTS FOR THE PUBLIC SECTOR (198.39 KB) , The Standard Chart of Accounts Manual (4.36 MB) , Standard Chart of Account codes (14.53 MB) , TEMPLATE FOR RECEIVING COMMENTS STANDARD CHART OF ACCOUNTS FOR THE PUBLIC SECTOR (119.12 KB) 10 Public Notice- Virtual Asset Service Providers Regulations, 2026 2026 Public Notice (104.04 KB) , Regulatory Impact Statement on VASP Regulations (268.95 KB) , Draft Virtual Asset Service Providers Regulations (1.87 MB) , Template for Receiving Comments (19.15 KB) 11 GOVERNMENT ASSETS VALUATION POLICY FRAMEWORK FOR THE PUBLIC SECTOR 2025 Download (1.43 MB) , Template (18.78 KB) 12 GOVERNMENT ASSETS VALUATION POLICY FRAMEWORK FOR THE PUBLIC SECTOR 2025 Download (1.43 MB) 13 Public Notice - Rollout of The Electronic Government Procurement System 2025 Public Notice - Rollout of The Electronic Government Procurement System (110.74 KB) 14 Public Notice Requesting Budget Tips on the Budget Statement for FY 2025-26 2025 Public Notice Requesting Budget Tips on the Budget Statement for FY 2025-26 (152.24 KB) 15 Public Participation Veterinary Services Development Fund 2025 Download (396.46 KB) , Regulatory Impact Statement (304.62 KB) , Regulations 2024 (284.73 KB) , Template for Submitting Comments (78.48 KB) 16 NOTICE TO ALL SUPPLIERS, CONTRACTORS AND CONSULTANTS ON THE ROLL-OUT OF THE ELECTRONIC GOVERNMENT PROCUREMENT (e-GP) SYSTEM IN KENYA. 2025 Download (145.68 KB) 17 Request For Memorandum To Support The Development Of A National Sustainable Public Procurement And Asset Disposal Framework 2025 Download (20.95 KB) 18 The Accountants Act (Amendment) Bill, 2025 2025 Download (115.55 KB) 19 National Retirement Benefits Policy 2024 Download (13.76 MB) 20 Public Notice National Retirement Benefits Policy 2024 Download (80.59 KB) Current page 1 Page 2 Page 3 Page 4 Page 5 Page 6 Page 7 Page 8 Page 9 Next page Next Last page Last"
https://www.treasury.go.ke/public-notices,"SNo Notice Description Notice Year Notice Link 1 LAUNCH OF THE FY 2027/28-2029/30 MEDIUM-TERM BUDGET PREPARATION PROCESS 2026 Public Notice - Official launch of the FY 2027/28 and MTB (499.91 KB) , The Notice - Official launch of the FY 2027/28 and MTB (292.95 KB) 2 NOTICE TO CBK ON PRICE STABILITY TARGET FOR FY 2026/27 2026 Price Stability Target  for FY 2026/2027 (1.9 MB) 3 Public Participation on the PPP (Ammendment) Bill 2026 and the PPP Regulations 2026.  The public is requested to review and provide comments on the attached documents 2026 DRAFT PPP (PROJECT MANAGEMENT) REGULATIONS 2026.pdf (8.78 MB) , PPP (AMENDMENT)  BILL 2026.pdf (8.28 MB) , PPP (GENERAL) REGULATIONS 2026.pdf (8.84 MB) , REGULATORY IMPACT STATEMENT PPP (GENARAL) REGULATIONS 2026.pdf (3.8 MB) , REGULATORY IMPACT STATEMENT PPP (PROJECT MAGEMENT) REGULATIONS 2026.pdf (3.9 MB) 4 PUBLIC NOTICE - BUDGET STATEMENT FY2026/27 2026 Public Notice FY2026:27 Budget Day.pdf (68.8 KB) 5 Public Notice on the Public Finance Management(Amendment) National/ County Government Regulations, 2026 2026 Public Notice on the Public Finance Management(Amendment) National/ County Government Regulations, 2026 (713.14 KB) , Draft Public Finance Management (Amendment) National Government Regulations, 2026 (228.76 KB) , Draft Public Finance Management (Amendment) County Government Regulations, 2026 (229.46 KB) , Draft Public Finance Management (Amendment) Bill, 2026 (541.8 KB) , Stakeholder Feedback Template (153.47 KB) 6 PUBLIC NOTICE - ECITIZEN 2026 Public Notice - Draft Public Finance Management - eCitizen System Management (284.85 KB) 7 Public Notice - Tips/Suggestions for Budget Statement 2026-27 2026 Public Notice Requesting Budget Tips on the Budget Statement for the FY 2026-27_0.pdf (133.22 KB) 8 RECRUITMENT OF MEMBER OF THE AUDIT COMMITTEE FOR THE NATIONAL TREASURY 2026 RECRUITMENT OF MEMBER OF THE AUDIT COMMITTEE FOR THE NATIONAL TREASURY (87.62 KB) 9 PUBLIC NOTICE -1. DRAFT ACCOUNTING POLICIES FOR THE PUBLIC SECTOR 2. DRAFT STANDARD CHART OF ACCOUNTS FOR THE PUBLIC SECTOR 2026 ACCOUNTING POLICIES OF THE PUBLIC SECTOR (1.46 MB) , TEMPLATE FOR RECEIVING COMMENTS (119.2 KB) , EXPLANATORY MEMORANDUM (179.17 KB) , PUBLIC NOTICE -1. DRAFT ACCOUNTING POLICIES FOR THE PUBLIC SECTOR 2. DRAFT STANDARD CHART OF ACCOUNTS FOR THE PUBLIC SECTOR (160.39 KB) , EXPLANATORY MEMORANDUM FOR STANDARD CHART OF ACCOUNTS FOR THE PUBLIC SECTOR (198.39 KB) , The Standard Chart of Accounts Manual (4.36 MB) , Standard Chart of Account codes (14.53 MB) , TEMPLATE FOR RECEIVING COMMENTS STANDARD CHART OF ACCOUNTS FOR THE PUBLIC SECTOR (119.12 KB) 10 Public Notice- Virtual Asset Service Providers Regulations, 2026 2026 Public Notice (104.04 KB) , Regulatory Impact Statement on VASP Regulations (268.95 KB) , Draft Virtual Asset Service Providers Regulations (1.87 MB) , Template for Receiving Comments (19.15 KB) 11 GOVERNMENT ASSETS VALUATION POLICY FRAMEWORK FOR THE PUBLIC SECTOR 2025 Download (1.43 MB) , Template (18.78 KB) 12 GOVERNMENT ASSETS VALUATION POLICY FRAMEWORK FOR THE PUBLIC SECTOR 2025 Download (1.43 MB) 13 Public Notice - Rollout of The Electronic Government Procurement System 2025 Public Notice - Rollout of The Electronic Government Procurement System (110.74 KB) 14 Public Notice Requesting Budget Tips on the Budget Statement for FY 2025-26 2025 Public Notice Requesting Budget Tips on the Budget Statement for FY 2025-26 (152.24 KB) 15 Public Participation Veterinary Services Development Fund 2025 Download (396.46 KB) , Regulatory Impact Statement (304.62 KB) , Regulations 2024 (284.73 KB) , Template for Submitting Comments (78.48 KB) 16 NOTICE TO ALL SUPPLIERS, CONTRACTORS AND CONSULTANTS ON THE ROLL-OUT OF THE ELECTRONIC GOVERNMENT PROCUREMENT (e-GP) SYSTEM IN KENYA. 2025 Download (145.68 KB) 17 Request For Memorandum To Support The Development Of A National Sustainable Public Procurement And Asset  Disposal Framework 2025 Download (20.95 KB) 18 The Accountants Act (Amendment) Bill, 2025 2025 Download (115.55 KB) 19 National Retirement Benefits Policy 2024 Download (13.76 MB) 20 Public Notice – National Retirement Benefits Policy 2024 Download (80.59 KB) Current page 1 Page 2 Page 3 Page 4 Page 5 Page 6 Page 7 Page 8 Page 9 Next page Next › Last page Last »","SNo Notice Description Notice Year Notice Link 1 LAUNCH OF THE FY 202728-202930 MEDIUM-TERM BUDGET PREPARATION PROCESS 2026 Public Notice - Official launch of the FY 202728 and MTB (499.91 KB) , The Notice - Official launch of the FY 202728 and MTB (292.95 KB) 2 NOTICE TO CBK ON PRICE STABILITY TARGET FOR FY 202627 2026 Price Stability Target for FY 20262027 (1.9 MB) 3 Public Participation on the PPP (Ammendment) Bill 2026 and the PPP Regulations 2026. The public is requested to review and provide comments on the attached documents 2026 DRAFT PPP (PROJECT MANAGEMENT) REGULATIONS 2026.pdf (8.78 MB) , PPP (AMENDMENT) BILL 2026.pdf (8.28 MB) , PPP (GENERAL) REGULATIONS 2026.pdf (8.84 MB) , REGULATORY IMPACT STATEMENT PPP (GENARAL) REGULATIONS 2026.pdf (3.8 MB) , REGULATORY IMPACT STATEMENT PPP (PROJECT MAGEMENT) REGULATIONS 2026.pdf (3.9 MB) 4 PUBLIC NOTICE - BUDGET STATEMENT FY202627 2026 Public Notice FY2026:27 Budget Day.pdf (68.8 KB) 5 Public Notice on the Public Finance Management(Amendment) National County Government Regulations, 2026 2026 Public Notice on the Public Finance Management(Amendment) National County Government Regulations, 2026 (713.14 KB) , Draft Public Finance Management (Amendment) National Government Regulations, 2026 (228.76 KB) , Draft Public Finance Management (Amendment) County Government Regulations, 2026 (229.46 KB) , Draft Public Finance Management (Amendment) Bill, 2026 (541.8 KB) , Stakeholder Feedback Template (153.47 KB) 6 PUBLIC NOTICE - ECITIZEN 2026 Public Notice - Draft Public Finance Management - eCitizen System Management (284.85 KB) 7 Public Notice - TipsSuggestions for Budget Statement 2026-27 2026 Public Notice Requesting Budget Tips on the Budget Statement for the FY 2026-270.pdf (133.22 KB) 8 RECRUITMENT OF MEMBER OF THE AUDIT COMMITTEE FOR THE NATIONAL TREASURY 2026 RECRUITMENT OF MEMBER OF THE AUDIT COMMITTEE FOR THE NATIONAL TREASURY (87.62 KB) 9 PUBLIC NOTICE -1. DRAFT ACCOUNTING POLICIES FOR THE PUBLIC SECTOR 2. DRAFT STANDARD CHART OF ACCOUNTS FOR THE PUBLIC SECTOR 2026 ACCOUNTING POLICIES OF THE PUBLIC SECTOR (1.46 MB) , TEMPLATE FOR RECEIVING COMMENTS (119.2 KB) , EXPLANATORY MEMORANDUM (179.17 KB) , PUBLIC NOTICE -1. DRAFT ACCOUNTING POLICIES FOR THE PUBLIC SECTOR 2. DRAFT STANDARD CHART OF ACCOUNTS FOR THE PUBLIC SECTOR (160.39 KB) , EXPLANATORY MEMORANDUM FOR STANDARD CHART OF ACCOUNTS FOR THE PUBLIC SECTOR (198.39 KB) , The Standard Chart of Accounts Manual (4.36 MB) , Standard Chart of Account codes (14.53 MB) , TEMPLATE FOR RECEIVING COMMENTS STANDARD CHART OF ACCOUNTS FOR THE PUBLIC SECTOR (119.12 KB) 10 Public Notice- Virtual Asset Service Providers Regulations, 2026 2026 Public Notice (104.04 KB) , Regulatory Impact Statement on VASP Regulations (268.95 KB) , Draft Virtual Asset Service Providers Regulations (1.87 MB) , Template for Receiving Comments (19.15 KB) 11 GOVERNMENT ASSETS VALUATION POLICY FRAMEWORK FOR THE PUBLIC SECTOR 2025 Download (1.43 MB) , Template (18.78 KB) 12 GOVERNMENT ASSETS VALUATION POLICY FRAMEWORK FOR THE PUBLIC SECTOR 2025 Download (1.43 MB) 13 Public Notice - Rollout of The Electronic Government Procurement System 2025 Public Notice - Rollout of The Electronic Government Procurement System (110.74 KB) 14 Public Notice Requesting Budget Tips on the Budget Statement for FY 2025-26 2025 Public Notice Requesting Budget Tips on the Budget Statement for FY 2025-26 (152.24 KB) 15 Public Participation Veterinary Services Development Fund 2025 Download (396.46 KB) , Regulatory Impact Statement (304.62 KB) , Regulations 2024 (284.73 KB) , Template for Submitting Comments (78.48 KB) 16 NOTICE TO ALL SUPPLIERS, CONTRACTORS AND CONSULTANTS ON THE ROLL-OUT OF THE ELECTRONIC GOVERNMENT PROCUREMENT (e-GP) SYSTEM IN KENYA. 2025 Download (145.68 KB) 17 Request For Memorandum To Support The Development Of A National Sustainable Public Procurement And Asset Disposal Framework 2025 Download (20.95 KB) 18 The Accountants Act (Amendment) Bill, 2025 2025 Download (115.55 KB) 19 National Retirement Benefits Policy 2024 Download (13.76 MB) 20 Public Notice National Retirement Benefits Policy 2024 Download (80.59 KB) Current page 1 Page 2 Page 3 Page 4 Page 5 Page 6 Page 7 Page 8 Page 9 Next page Next Last page Last"
https://www.treasury.go.ke/public-notices,"Public Notice - Official launch of the FY 2027/28 and MTB (499.91 KB) , The Notice - Official launch of the FY 2027/28 and MTB (292.95 KB)","Public Notice - Official launch of the FY 202728 and MTB (499.91 KB) , The Notice - Official launch of the FY 202728 and MTB (292.95 KB)"
https://www.treasury.go.ke/public-notices,Public Participation on the PPP (Ammendment) Bill 2026 and the PPP Regulations 2026.  The public is requested to review and provide comments on the attached documents,Public Participation on the PPP (Ammendment) Bill 2026 and the PPP Regulations 2026. The public is requested to review and provide comments on the attached documents
https://www.treasury.go.ke/public-notices,"DRAFT PPP (PROJECT MANAGEMENT) REGULATIONS 2026.pdf (8.78 MB) , PPP (AMENDMENT)  BILL 2026.pdf (8.28 MB) , PPP (GENERAL) REGULATIONS 2026.pdf (8.84 MB) , REGULATORY IMPACT STATEMENT PPP (GENARAL) REGULATIONS 2026.pdf (3.8 MB) , REGULATORY IMPACT STATEMENT PPP (PROJECT MAGEMENT) REGULATIONS 2026.pdf (3.9 MB)","DRAFT PPP (PROJECT MANAGEMENT) REGULATIONS 2026.pdf (8.78 MB) , PPP (AMENDMENT) BILL 2026.pdf (8.28 MB) , PPP (GENERAL) REGULATIONS 2026.pdf (8.84 MB) , REGULATORY IMPACT STATEMENT PPP (GENARAL) REGULATIONS 2026.pdf (3.8 MB) , REGULATORY IMPACT STATEMENT PPP (PROJECT MAGEMENT) REGULATIONS 2026.pdf (3.9 MB)"
https://www.treasury.go.ke/public-notices,"Public Notice on the Public Finance Management(Amendment) National/ County Government Regulations, 2026","Public Notice on the Public Finance Management(Amendment) National County Government Regulations, 2026"
https://www.treasury.go.ke/public-notices,"Public Notice on the Public Finance Management(Amendment) National/ County Government Regulations, 2026 (713.14 KB) , Draft Public Finance Management (Amendment) National Government Regulations, 2026 (228.76 KB) , Draft Public Finance Management (Amendment) County Government Regulations, 2026 (229.46 KB) , Draft Public Finance Management (Amendment) Bill, 2026 (541.8 KB) , Stakeholder Feedback Template (153.47 KB)","Public Notice on the Public Finance Management(Amendment) National County Government Regulations, 2026 (713.14 KB) , Draft Public Finance Management (Amendment) National Government Regulations, 2026 (228.76 KB) , Draft Public Finance Management (Amendment) County Government Regulations, 2026 (229.46 KB) , Draft Public Finance Management (Amendment) Bill, 2026 (541.8 KB) , Stakeholder Feedback Template (153.47 KB)"
https://www.treasury.go.ke/public-notices,PUBLIC NOTICE -1. DRAFT ACCOUNTING POLICIES FOR THE PUBLIC SECTOR 2. DRAFT STANDARD CHART OF ACCOUNTS FOR THE PUBLIC SECTOR,PUBLIC NOTICE -1. DRAFT ACCOUNTING POLICIES FOR THE PUBLIC SECTOR 2. DRAFT STANDARD CHART OF ACCOUNTS FOR THE PUBLIC SECTOR
https://www.treasury.go.ke/public-notices,"ACCOUNTING POLICIES OF THE PUBLIC SECTOR (1.46 MB) , TEMPLATE FOR RECEIVING COMMENTS (119.2 KB) , EXPLANATORY MEMORANDUM (179.17 KB) , PUBLIC NOTICE -1. DRAFT ACCOUNTING POLICIES FOR THE PUBLIC SECTOR 2. DRAFT STANDARD CHART OF ACCOUNTS FOR THE PUBLIC SECTOR (160.39 KB) , EXPLANATORY MEMORANDUM FOR STANDARD CHART OF ACCOUNTS FOR THE PUBLIC SECTOR (198.39 KB) , The Standard Chart of Accounts Manual (4.36 MB) , Standard Chart of Account codes (14.53 MB) , TEMPLATE FOR RECEIVING COMMENTS STANDARD CHART OF ACCOUNTS FOR THE PUBLIC SECTOR (119.12 KB)","ACCOUNTING POLICIES OF THE PUBLIC SECTOR (1.46 MB) , TEMPLATE FOR RECEIVING COMMENTS (119.2 KB) , EXPLANATORY MEMORANDUM (179.17 KB) , PUBLIC NOTICE -1. DRAFT ACCOUNTING POLICIES FOR THE PUBLIC SECTOR 2. DRAFT STANDARD CHART OF ACCOUNTS FOR THE PUBLIC SECTOR (160.39 KB) , EXPLANATORY MEMORANDUM FOR STANDARD CHART OF ACCOUNTS FOR THE PUBLIC SECTOR (198.39 KB) , The Standard Chart of Accounts Manual (4.36 MB) , Standard Chart of Account codes (14.53 MB) , TEMPLATE FOR RECEIVING COMMENTS STANDARD CHART OF ACCOUNTS FOR THE PUBLIC SECTOR (119.12 KB)"
https://www.treasury.go.ke/public-notices,"Public Notice (104.04 KB) , Regulatory Impact Statement on VASP Regulations (268.95 KB) , Draft Virtual Asset Service Providers Regulations (1.87 MB) , Template for Receiving Comments (19.15 KB)","Public Notice (104.04 KB) , Regulatory Impact Statement on VASP Regulations (268.95 KB) , Draft Virtual Asset Service Providers Regulations (1.87 MB) , Template for Receiving Comments (19.15 KB)"
https://www.treasury.go.ke/public-notices,"NOTICE TO ALL SUPPLIERS, CONTRACTORS AND CONSULTANTS ON THE ROLL-OUT OF THE ELECTRONIC GOVERNMENT PROCUREMENT (e-GP) SYSTEM IN KENYA.","NOTICE TO ALL SUPPLIERS, CONTRACTORS AND CONSULTANTS ON THE ROLL-OUT OF THE ELECTRONIC GOVERNMENT PROCUREMENT (e-GP) SYSTEM IN KENYA."
https://www.treasury.go.ke/public-notices,Request For Memorandum To Support The Development Of A National Sustainable Public Procurement And Asset  Disposal Framework,Request For Memorandum To Support The Development Of A National Sustainable Public Procurement And Asset Disposal Framework
https://www.treasury.go.ke/public-notices,Quick Links Investor Relations Our Institutions Bajeti Yetu Credit Guarantee Scheme Old Site Expenditure Requisition Form Public Debt Management Office Twitter Tweets by KeTreasury Facebook The National Treasury and Economic Planning,Quick Links Investor Relations Our Institutions Bajeti Yetu Credit Guarantee Scheme Old Site Expenditure Requisition Form Public Debt Management Office Twitter Tweets by KeTreasury Facebook The National Treasury and Economic Planning
https://www.treasury.go.ke/public-notices,Quick Links Investor Relations Our Institutions Bajeti Yetu Credit Guarantee Scheme Old Site Expenditure Requisition Form Public Debt Management Office,Quick Links Investor Relations Our Institutions Bajeti Yetu Credit Guarantee Scheme Old Site Expenditure Requisition Form Public Debt Management Office
https://www.treasury.go.ke/public-notices,Investor Relations Our Institutions Bajeti Yetu Credit Guarantee Scheme Old Site Expenditure Requisition Form Public Debt Management Office,Investor Relations Our Institutions Bajeti Yetu Credit Guarantee Scheme Old Site Expenditure Requisition Form Public Debt Management Office
https://www.kbc.co.ke/news/,"Sunday, 26 Jul 2026 Welcome to the official Kenya Broadcasting Corporation (KBC) News YouTube channel. Explore Now News Tenders Careers Radio Services Downloads About 2024 CHAN NEWS Local News County News Sports Business International News Local Business Entertainment Football Africa NEWS Tenders Careers Radio Services Sports Entertainment About Search News Tenders Careers Radio Services Downloads About 2024 CHAN Have an existing account? Sign In Follow US © 2022 Foxiz News Network. Ruby Design Company. All Rights Reserved. News [tdc_zone type=”tdc_content”][vc_row][vc_column width=”1/1″][td_block_trending_now navigation=”manual” sort=”” limit=”5″ header_color=”#dd3333″][td_block_big_grid sort=”” category_id=”28″][/vc_column][/vc_row][vc_row el_class=”td-ss-row”][vc_column width=”2/3″][td_block_7 category_id=”28″ limit=”8″ custom_title=”LOCAL NEWS” border_top=”no_border_top” td_ajax_filter_type=”td_category_ids_filter” td_filter_default_txt=”All” ajax_pagination=”next_prev” td_ajax_filter_ids=”” header_color=”#6cce04″][td_block_15 category_id=”29″ limit=”8″ header_color=”#0b8d5d” td_ajax_filter_type=”td_category_ids_filter” td_ajax_filter_ids=”” td_filter_default_txt=”All” ajax_pagination=”next_prev” sort=”” custom_title=”COUNTY NEWS”][td_block_5 category_id=”87″ limit=”4″ header_color=”#0b8d5d” td_ajax_filter_type=”td_category_ids_filter” td_ajax_filter_ids=”” td_filter_default_txt=”All” ajax_pagination=”next_prev” sort=”” custom_title=”BUSINESS NEWS” mx1_tl=”12″][td_block_14 category_id=”86″ limit=”4″ header_color=”#0b8d5d” td_ajax_filter_type=”td_category_ids_filter” td_ajax_filter_ids=”” td_filter_default_txt=”All” ajax_pagination=”next_prev” sort=”” custom_title=”ENTERTAINMENT”][vc_row_inner][vc_column_inner width=”1/2″][td_block_2 category_id=”26″ limit=”1″ custom_title=”PODCASTS” header_color=”#4db2ec” td_filter_default_txt=”All” ajax_pagination=”next_prev” sort=””][/vc_column_inner][vc_column_inner width=”1/2″][td_block_10 custom_title=”DON’T MISS” td_filter_default_txt=”All” limit=”3″ sort=”random_posts” category_id=”26″][/vc_column_inner][/vc_row_inner][/vc_column][vc_column width=”1/3″][td_block_1 custom_title=”PARIS OLYMPICS 2024″ category_id=”8566″][td_block_ad_box spot_id=”sidebar”][td_block_8 category_id=”508″ sort=”” custom_title=”OPINIONS” header_color=”#0152a9″ td_filter_default_txt=”All” ajax_pagination=”next_prev” limit=”3″][td_block_3 category_id=”1399″ custom_title=”SPORTS” limit=”4″][/vc_column][/vc_row][vc_row][vc_column width=”1/1″][td_block_14 limit=”3″ custom_title=”TECHNOLOGY” td_filter_default_txt=”All” ajax_pagination=”next_prev” sort=”” header_color=”#288abf” category_id=”89″][td_block_7 custom_title=”INTERNATIONAL NEWS” category_id=”30″ limit=”6″][/vc_column][/vc_row][/tdc_zone] Information You Can Trust: Stay instantly connected with breaking stories and live updates. From politics and technology to entertainment and beyond, we provide real-time coverage you can rely on, making us your dependable source for 24/7 news. Facebook X-twitter Youtube Tiktok Instagram Rss Radio Taifa / English Service / Coro Fm / Pwani Fm / Minto Fm / Mayienga FM / Mwatu FM / Kitwek FM / Mwago Fm / Eastern Service / Ingo Fm / Iftiin FM / Ngemi Fm / Nosim Fm About us / Tenders / Jobs / Downloads / Advertising / Feedback / Contact / Privacy policy ©KBC Digital.  All Rights Reserved. 2025 ©KBC Digital.  All Rights Reserved. 2025 NEWS Business Radio Services Podcasts Sports 6 Priorities Watch Live","Sunday, 26 Jul 2026 Welcome to the official Kenya Broadcasting Corporation (KBC) News YouTube channel. Explore Now News Tenders Careers Radio Services Downloads About 2024 CHAN NEWS Local News County News Sports Business International News Local Business Entertainment Football Africa NEWS Tenders Careers Radio Services Sports Entertainment About Search News Tenders Careers Radio Services Downloads About 2024 CHAN Have an existing account? Sign In Follow US 2022 Foxiz News Network. Ruby Design Company. All Rights Reserved. News tdczone typetdccontentvcrowvccolumn width11tdblocktrendingnow navigationmanual sort limit5 headercolordd3333tdblockbiggrid sort categoryid28vccolumnvcrowvcrow elclasstd-ss-rowvccolumn width23tdblock7 categoryid28 limit8 customtitleLOCAL NEWS bordertopnobordertop tdajaxfiltertypetdcategoryidsfilter tdfilterdefaulttxtAll ajaxpaginationnextprev tdajaxfilterids headercolor6cce04tdblock15 categoryid29 limit8 headercolor0b8d5d tdajaxfiltertypetdcategoryidsfilter tdajaxfilterids tdfilterdefaulttxtAll ajaxpaginationnextprev sort customtitleCOUNTY NEWStdblock5 categoryid87 limit4 headercolor0b8d5d tdajaxfiltertypetdcategoryidsfilter tdajaxfilterids tdfilterdefaulttxtAll ajaxpaginationnextprev sort customtitleBUSINESS NEWS mx1tl12tdblock14 categoryid86 limit4 headercolor0b8d5d tdajaxfiltertypetdcategoryidsfilter tdajaxfilterids tdfilterdefaulttxtAll ajaxpaginationnextprev sort customtitleENTERTAINMENTvcrowinnervccolumninner width12tdblock2 categoryid26 limit1 customtitlePODCASTS headercolor4db2ec tdfilterdefaulttxtAll ajaxpaginationnextprev sortvccolumninnervccolumninner width12tdblock10 customtitleDONT MISS tdfilterdefaulttxtAll limit3 sortrandomposts categoryid26vccolumninnervcrowinnervccolumnvccolumn width13tdblock1 customtitlePARIS OLYMPICS 2024 categoryid8566tdblockadbox spotidsidebartdblock8 categoryid508 sort customtitleOPINIONS headercolor0152a9 tdfilterdefaulttxtAll ajaxpaginationnextprev limit3tdblock3 categoryid1399 customtitleSPORTS limit4vccolumnvcrowvcrowvccolumn width11tdblock14 limit3 customtitleTECHNOLOGY tdfilterdefaulttxtAll ajaxpaginationnextprev sort headercolor288abf categoryid89tdblock7 customtitleINTERNATIONAL NEWS categoryid30 limit6vccolumnvcrowtdczone Information You Can Trust: Stay instantly connected with breaking stories and live updates. From politics and technology to entertainment and beyond, we provide real-time coverage you can rely on, making us your dependable source for 247 news. Facebook X-twitter Youtube Tiktok Instagram Rss Radio Taifa English Service Coro Fm Pwani Fm Minto Fm Mayienga FM Mwatu FM Kitwek FM Mwago Fm Eastern Service Ingo Fm Iftiin FM Ngemi Fm Nosim Fm About us Tenders Jobs Downloads Advertising Feedback Contact Privacy policy KBC Digital. All Rights Reserved. 2025 KBC Digital. All Rights Reserved. 2025 NEWS Business Radio Services Podcasts Sports 6 Priorities Watch Live"
https://www.kbc.co.ke/news/,"Sunday, 26 Jul 2026 Welcome to the official Kenya Broadcasting Corporation (KBC) News YouTube channel. Explore Now News Tenders Careers Radio Services Downloads About 2024 CHAN NEWS Local News County News Sports Business International News Local Business Entertainment Football Africa NEWS Tenders Careers Radio Services Sports Entertainment About Search News Tenders Careers Radio Services Downloads About 2024 CHAN Have an existing account? Sign In Follow US © 2022 Foxiz News Network. Ruby Design Company. All Rights Reserved.","Sunday, 26 Jul 2026 Welcome to the official Kenya Broadcasting Corporation (KBC) News YouTube channel. Explore Now News Tenders Careers Radio Services Downloads About 2024 CHAN NEWS Local News County News Sports Business International News Local Business Entertainment Football Africa NEWS Tenders Careers Radio Services Sports Entertainment About Search News Tenders Careers Radio Services Downloads About 2024 CHAN Have an existing account? Sign In Follow US 2022 Foxiz News Network. Ruby Design Company. All Rights Reserved."
https://www.kbc.co.ke/news/,"Sunday, 26 Jul 2026 Welcome to the official Kenya Broadcasting Corporation (KBC) News YouTube channel. Explore Now News Tenders Careers Radio Services Downloads About 2024 CHAN NEWS Local News County News Sports Business International News Local Business Entertainment Football Africa","Sunday, 26 Jul 2026 Welcome to the official Kenya Broadcasting Corporation (KBC) News YouTube channel. Explore Now News Tenders Careers Radio Services Downloads About 2024 CHAN NEWS Local News County News Sports Business International News Local Business Entertainment Football Africa"
https://www.kbc.co.ke/news/,NEWS Tenders Careers Radio Services Sports Entertainment About Search News Tenders Careers Radio Services Downloads About 2024 CHAN Have an existing account? Sign In Follow US © 2022 Foxiz News Network. Ruby Design Company. All Rights Reserved.,NEWS Tenders Careers Radio Services Sports Entertainment About Search News Tenders Careers Radio Services Downloads About 2024 CHAN Have an existing account? Sign In Follow US 2022 Foxiz News Network. Ruby Design Company. All Rights Reserved.
https://www.kbc.co.ke/news/,Search News Tenders Careers Radio Services Downloads About 2024 CHAN Have an existing account? Sign In Follow US © 2022 Foxiz News Network. Ruby Design Company. All Rights Reserved.,Search News Tenders Careers Radio Services Downloads About 2024 CHAN Have an existing account? Sign In Follow US 2022 Foxiz News Network. Ruby Design Company. All Rights Reserved.
https://www.kbc.co.ke/news/,"Information You Can Trust: Stay instantly connected with breaking stories and live updates. From politics and technology to entertainment and beyond, we provide real-time coverage you can rely on, making us your dependable source for 24/7 news. Facebook X-twitter Youtube Tiktok Instagram Rss Radio Taifa / English Service / Coro Fm / Pwani Fm / Minto Fm / Mayienga FM / Mwatu FM / Kitwek FM / Mwago Fm / Eastern Service / Ingo Fm / Iftiin FM / Ngemi Fm / Nosim Fm About us / Tenders / Jobs / Downloads / Advertising / Feedback / Contact / Privacy policy ©KBC Digital.  All Rights Reserved. 2025","Information You Can Trust: Stay instantly connected with breaking stories and live updates. From politics and technology to entertainment and beyond, we provide real-time coverage you can rely on, making us your dependable source for 247 news. Facebook X-twitter Youtube Tiktok Instagram Rss Radio Taifa English Service Coro Fm Pwani Fm Minto Fm Mayienga FM Mwatu FM Kitwek FM Mwago Fm Eastern Service Ingo Fm Iftiin FM Ngemi Fm Nosim Fm About us Tenders Jobs Downloads Advertising Feedback Contact Privacy policy KBC Digital. All Rights Reserved. 2025"
https://www.kbc.co.ke/news/,"Information You Can Trust: Stay instantly connected with breaking stories and live updates. From politics and technology to entertainment and beyond, we provide real-time coverage you can rely on, making us your dependable source for 24/7 news. Facebook X-twitter Youtube Tiktok Instagram Rss Radio Taifa / English Service / Coro Fm / Pwani Fm / Minto Fm / Mayienga FM / Mwatu FM / Kitwek FM / Mwago Fm / Eastern Service / Ingo Fm / Iftiin FM / Ngemi Fm / Nosim Fm About us / Tenders / Jobs / Downloads / Advertising / Feedback / Contact / Privacy policy","Information You Can Trust: Stay instantly connected with breaking stories and live updates. From politics and technology to entertainment and beyond, we provide real-time coverage you can rely on, making us your dependable source for 247 news. Facebook X-twitter Youtube Tiktok Instagram Rss Radio Taifa English Service Coro Fm Pwani Fm Minto Fm Mayienga FM Mwatu FM Kitwek FM Mwago Fm Eastern Service Ingo Fm Iftiin FM Ngemi Fm Nosim Fm About us Tenders Jobs Downloads Advertising Feedback Contact Privacy policy"
https://www.kbc.co.ke/news/,Radio Taifa / English Service / Coro Fm / Pwani Fm / Minto Fm / Mayienga FM / Mwatu FM / Kitwek FM / Mwago Fm / Eastern Service / Ingo Fm / Iftiin FM / Ngemi Fm / Nosim Fm About us / Tenders / Jobs / Downloads / Advertising / Feedback / Contact / Privacy policy,Radio Taifa English Service Coro Fm Pwani Fm Minto Fm Mayienga FM Mwatu FM Kitwek FM Mwago Fm Eastern Service Ingo Fm Iftiin FM Ngemi Fm Nosim Fm About us Tenders Jobs Downloads Advertising Feedback Contact Privacy policy
https://www.capitalfm.co.ke/news/,"Latest Stories News Linda Mwananchi draws cash support in Bungoma News Alupo hails Kenya-Uganda unity News Linda Mwananchi storms Bungoma as opposition intensifies 2027 push News Ruto, Alupo attend enthronement of ACK Katakwa's fourth bishop News Ruto vows to crush political violence ahead of 2027 polls Trending News Gachagua Explains Why Ruto Lost Ol Kalou, Says Mt Kenya Revolt Is Just Beginning News Ruto announces jointly funded SHA cover for 107,000 CHPs News Obado, co-accused convicted in Sharon Otieno murder case News Karim Khan ousted as ICC Chief Prosecutor More on News Why the US deported Kenyan ex-NFL star Daniel Adongo Ruto, Alupo attend enthronement of ACK Katakwa's fourth bishop Murkomen transfers entire police station in anti-drug purge Kalonzo demands Duale, Hassan Omar quit over ‘inciting’ remarks Uganda makes late UN Chief bid Mudavadi mocks opposition as 'newspaper fire' DCI busts fake fertiliser ring, arrests three Duale rejects calls to apologise Load More Stories AI Govt Unveils AI Committee to Steer National Strategy WildMango partners with OpenAI to expand AI access in Africa AI, biometrics and the future of secure digital onboarding in Kenya Kenyans Use Google Search and AI to Master the Technical Skills Needed for the Future fuel prices MAK questions EPRA independence after 22-cent petrol reduction Petrol price drops by 22 cents in EPRA review All eyes on EPRA as Ruto’s Sh10 diesel cut pledge faces test amid US-Iran deal hopes EPRA may review fuel prices every 14 days under new proposal City Hall 46 Counties Receive Ksh5.7 Billion in Performance-Based Development Grants Armed Gang disrupts mediation Meeting on Nyamasaria-Mowlem Bus Park Ruto Lays Timelines of Projects Under Ruto-Sakaja Pact in Nairobi in Historic County Assembly Address Police warn of traffic disruptions in CBD as Ruto plans day-long activities education TSC to advertise 34,000 teacher promotions next week Ruto drops means-tested university funding model TSC disowns viral July salary letter KUCCPS Gives Students Until August 14 to Apply for Transfers budget 46 Counties Receive Ksh5.7 Billion in Performance-Based Development Grants EXPLAINER: What’s in Finance Bill 2026? Kimani, Nyoro clash forces House to adjourn Finance Bill debate Sh1.14tn budget deficit raises loan access fears Taiwan OPINION: Why the One-China Principle Remains Central to Global Diplomacy OPINION: The Complete Reunification of China is Unstoppable Xi, Trump hold first phone call of 2026, discuss China-US relations OPINION: U.S. arms sales to Taiwan is a dangerous breach of commitments Sustainability Watch Kenya courts donor funding to restore forests and boost climate resilience Wildlife Ranger Challenge kicks off with fresh push to bridge Africa’s conservation workforce gap Kindiki: Kaptagat’s restoration approach transforming livelihoods Cash Crops to Power Next Phase of Kaptagat Conservation Drive Nairobi Expressway MOJA Expressway: No casualties after vehicle fire near Southern Bypass Fire engines deployed to Nairobi Expressway after Range Rover catches fire Kenya explores new development financing options with China for infrastructure projects Ruto promises Thika–Museum Hill Expressway in ambitious infrastructure plan food security NPS calls for stronger private sector collaboration to curb farm theft Rwanda, IFAD sign 78.5 mln USD financing deal to improve agriculture Kenya clears GM cassava after trials, awaits commercial release From trial and error to algorithms: How China is using AI to rewrite crop breeding Tigray Ethiopian Airlines suspends flights to Tigray Tigray party says ban threatens Ethiopia peace deal AU welcomes signing of grant agreement to sustain peace in Ethiopia’s Tigray Region Hunger devastates Ethiopia’s Tigray as food aid halted","Latest Stories News Linda Mwananchi draws cash support in Bungoma News Alupo hails Kenya-Uganda unity News Linda Mwananchi storms Bungoma as opposition intensifies 2027 push News Ruto, Alupo attend enthronement of ACK Katakwas fourth bishop News Ruto vows to crush political violence ahead of 2027 polls Trending News Gachagua Explains Why Ruto Lost Ol Kalou, Says Mt Kenya Revolt Is Just Beginning News Ruto announces jointly funded SHA cover for 107,000 CHPs News Obado, co-accused convicted in Sharon Otieno murder case News Karim Khan ousted as ICC Chief Prosecutor More on News Why the US deported Kenyan ex-NFL star Daniel Adongo Ruto, Alupo attend enthronement of ACK Katakwas fourth bishop Murkomen transfers entire police station in anti-drug purge Kalonzo demands Duale, Hassan Omar quit over inciting remarks Uganda makes late UN Chief bid Mudavadi mocks opposition as newspaper fire DCI busts fake fertiliser ring, arrests three Duale rejects calls to apologise Load More Stories AI Govt Unveils AI Committee to Steer National Strategy WildMango partners with OpenAI to expand AI access in Africa AI, biometrics and the future of secure digital onboarding in Kenya Kenyans Use Google Search and AI to Master the Technical Skills Needed for the Future fuel prices MAK questions EPRA independence after 22-cent petrol reduction Petrol price drops by 22 cents in EPRA review All eyes on EPRA as Rutos Sh10 diesel cut pledge faces test amid US-Iran deal hopes EPRA may review fuel prices every 14 days under new proposal City Hall 46 Counties Receive Ksh5.7 Billion in Performance-Based Development Grants Armed Gang disrupts mediation Meeting on Nyamasaria-Mowlem Bus Park Ruto Lays Timelines of Projects Under Ruto-Sakaja Pact in Nairobi in Historic County Assembly Address Police warn of traffic disruptions in CBD as Ruto plans day-long activities education TSC to advertise 34,000 teacher promotions next week Ruto drops means-tested university funding model TSC disowns viral July salary letter KUCCPS Gives Students Until August 14 to Apply for Transfers budget 46 Counties Receive Ksh5.7 Billion in Performance-Based Development Grants EXPLAINER: Whats in Finance Bill 2026? Kimani, Nyoro clash forces House to adjourn Finance Bill debate Sh1.14tn budget deficit raises loan access fears Taiwan OPINION: Why the One-China Principle Remains Central to Global Diplomacy OPINION: The Complete Reunification of China is Unstoppable Xi, Trump hold first phone call of 2026, discuss China-US relations OPINION: U.S. arms sales to Taiwan is a dangerous breach of commitments Sustainability Watch Kenya courts donor funding to restore forests and boost climate resilience Wildlife Ranger Challenge kicks off with fresh push to bridge Africas conservation workforce gap Kindiki: Kaptagats restoration approach transforming livelihoods Cash Crops to Power Next Phase of Kaptagat Conservation Drive Nairobi Expressway MOJA Expressway: No casualties after vehicle fire near Southern Bypass Fire engines deployed to Nairobi Expressway after Range Rover catches fire Kenya explores new development financing options with China for infrastructure projects Ruto promises ThikaMuseum Hill Expressway in ambitious infrastructure plan food security NPS calls for stronger private sector collaboration to curb farm theft Rwanda, IFAD sign 78.5 mln USD financing deal to improve agriculture Kenya clears GM cassava after trials, awaits commercial release From trial and error to algorithms: How China is using AI to rewrite crop breeding Tigray Ethiopian Airlines suspends flights to Tigray Tigray party says ban threatens Ethiopia peace deal AU welcomes signing of grant agreement to sustain peace in Ethiopias Tigray Region Hunger devastates Ethiopias Tigray as food aid halted"
https://www.capitalfm.co.ke/news/,46 Counties Receive Ksh5.7 Billion in Performance-Based Development Grants Armed Gang disrupts mediation Meeting on Nyamasaria-Mowlem Bus Park Ruto Lays Timelines of Projects Under Ruto-Sakaja Pact in Nairobi in Historic County Assembly Address Police warn of traffic disruptions in CBD as Ruto plans day-long activities,46 Counties Receive Ksh5.7 Billion in Performance-Based Development Grants Armed Gang disrupts mediation Meeting on Nyamasaria-Mowlem Bus Park Ruto Lays Timelines of Projects Under Ruto-Sakaja Pact in Nairobi in Historic County Assembly Address Police warn of traffic disruptions in CBD as Ruto plans day-long activities
https://www.capitalfm.co.ke/news/,"46 Counties Receive Ksh5.7 Billion in Performance-Based Development Grants EXPLAINER: What’s in Finance Bill 2026? Kimani, Nyoro clash forces House to adjourn Finance Bill debate Sh1.14tn budget deficit raises loan access fears","46 Counties Receive Ksh5.7 Billion in Performance-Based Development Grants EXPLAINER: Whats in Finance Bill 2026? Kimani, Nyoro clash forces House to adjourn Finance Bill debate Sh1.14tn budget deficit raises loan access fears"
https://www.capitalfm.co.ke/news/,"Categories Africa News Business Sports Lifestyle Sustainability Op-Eds WhatsON World Contact Us Email: [email protected] Phone: +254 722 984 984 Address: Two Rivers Mall, Limuru Road, Nairobi Legal Terms of Service Privacy Policy Follow Us Facebook X Instagram YouTube","Categories Africa News Business Sports Lifestyle Sustainability Op-Eds WhatsON World Contact Us Email: email protected Phone: 254 722 984 984 Address: Two Rivers Mall, Limuru Road, Nairobi Legal Terms of Service Privacy Policy Follow Us Facebook X Instagram YouTube"
